DIGITAL GUJRAT/E-GOVERNANCE,,,,
,,,,
,,,,
,,,,
,,,,
SCHEME NAME,DESCRIPTION,STATUS,SERVICES,DOCUMENTS NEEDED
Digital Gujarat Portal,Unified online platform for citizen services,Online,Single window for 190+ services,"Aadhaar Card, Mobile Number, Email ID"
e-Gram Vishwagram Yojana,ICT-enabled village service centers,Offline/Hybrid,"Online certificates, utility payments, digital access","Aadhaar Card, Residence Proof"
Apno Taluko Vibrant Taluko (ATVT),Decentralized service delivery centers at Taluka level,Offline/Hybrid,Access to government schemes near home,"Aadhaar Card, Proof of Residence"
iNDEXTb Portal,Single-window for investors in Gujarat,Online,"Investment facilitation, approvals, incentives","Aadhaar Card, Business Registration, PAN"
Online Ration Card Services,"Apply, renew, or modify ration cards",Online,Food security access made easy,"Aadhaar Card, Proof of Residence"
e-Dhara Portal,Computerized land records system,Online,"Certified land records, transparency","Aadhaar Card, Land Ownership Proof"
AnyRoR @ Anywhere Gujarat,Access land records online,Online,"7/12 extract, property details","Aadhaar Card, Land Survey Number"
Digital Locker Integration,Store and access documents digitally,Online,"Paperless governance, secure storage","Aadhaar Card, Mobile Number"
Gujarat e-District Project,Online citizen services at district level,Online,"Certificates, licenses, permissions","Aadhaar Card, Proof of Residence"
Online Widow Assistance Portal,Apply for widow pension digitally,Online,"Faster processing, transparency","Aadhaar Card, Death Certificate"
Scholarship Portal (Digital Gujarat),Online scholarships for students,Online,Financial aid for education,"Aadhaar Card, Caste Certificate, School/College ID"
Mukhyamantri Digital Seva Setu Yojana,Provide government services at village level,Offline/Hybrid,Free/affordable services at Gram Panchayat,"Aadhaar Card, Proof of Residence"
Gujarat e-Procurement System,Online tenders & bidding,Online,Transparent procurement,"Aadhaar Card, Business Registration, PAN"
Digital Payment Integration for Govt Fees,Pay fees online for services,Online,Cashless transactions,"Aadhaar Card, Net Banking/UPI"
e-Challan System,Traffic challan management online,Online,"Transparency, easy payments","Aadhaar Card, Vehicle RC"
Online RTI Portal,File RTI applications digitally,Online,Access to information,"Aadhaar Card, Email ID"
VIDHYASHAKTI Portal,Teacher & student services online,Online,Education management system,"Aadhaar Card, School ID"
Digital Electoral Roll Services,"Check, update voter lists online",Online,"Transparency, access","Aadhaar Card, Voter ID"
Online Senior Citizen Certificate,Apply digitally for benefits,Online,"Concessions, welfare access","Aadhaar Card, Age Proof"
Gujarat e-Kosh System,Computerized treasury management,Online,Financial transparency,"Aadhaar Card, Employee ID"
Revenue e-Services Portal,Land revenue & tax services online,Online,"Convenience, paperless process","Aadhaar Card, Land Ownership Proof"
E-Seva Kendras,Physical kiosks for e-governance services,Offline/Hybrid,Easy access for rural citizens,"Aadhaar Card, Application Forms"
Smart City Digital Platforms,Smart city services via apps,Online,"Transport, utilities, alerts","Aadhaar Card, Residence Proof"
Digital Gujarat University Portal,Online education services,Online,"Student registration, exams, certificates","Aadhaar Card, College ID"
Digital Health Card Services,Health records online,Online,"Portable, lifelong records","Aadhaar Card, Health ID"
Online Caste Certificate Services,Apply for caste certificates online,Online,Faster access to welfare,"Aadhaar Card, Caste Proof"
Digital Land Mutation Services,Apply land mutation online,Online,Faster property transfer,"Aadhaar Card, Land Records"
e-Mamo Gujarat,Online mamlatdar services,Online,Revenue services access,"Aadhaar Card, Application ID"
Property Registration e-Services,Property registration online,Online,"Transparency, reduced delays","Aadhaar Card, Property Proof"
Online Non-Creamy Layer Certificate,Apply digitally for NCL,Online,Eligibility for reservations,"Aadhaar Card, Income Certificate"
e-Office Implementation,Workflow automation for govt offices,Online,Faster file movement,"Aadhaar Card, Employee ID"
Online Marriage Certificate Service,Apply marriage certificate online,Online,"Convenient, transparent","Aadhaar Card, Marriage Proof"
Online Birth & Death Certificate Portal,Registration and download,Online,Immediate access,"Aadhaar Card, Hospital Records"
Gujarat e-Gazette,Access gazette notifications online,Online,"Transparency, access to laws","Aadhaar Card, Email ID"
Digital Grievance Redressal Portal,File complaints online,Online,Faster grievance handling,"Aadhaar Card, Complaint Proof"
Online Disability Certificate Service,Apply for disability ID card online,Online,Easy access to benefits,"Aadhaar Card, Disability Proof"
Gujarat Skill Development Digital Portal,Skill training registration online,Online,Employment-oriented training,"Aadhaar Card, Educational Proof"
Online Passport Seva Integration,Apply passport from Digital Gujarat,Online,Convenient services,"Aadhaar Card, Address Proof"
Online Police Verification Services,Verification made digital,Online,Faster approvals,"Aadhaar Card, Application ID"
Digital Gujarat Farmer Portal,e-services for farmers,Online,"Subsidies, crop insurance, updates","Aadhaar Card, Land Ownership Proof"
E-Mitra Seva (Pilot in some districts),Assistive citizen service centers,Offline/Hybrid,Access to govt services,"Aadhaar Card, Application Form"
Digital Pension Disbursement System,Pension directly credited,Online,"Transparency, no middlemen","Aadhaar Card, Bank Account"
Digital Electricity Bill Services,Pay electricity bills online,Online,Convenience,"Aadhaar Card, Service Number"
Online Labour Registration Portal,Register construction workers,Online,Eligibility for labour welfare,"Aadhaar Card, Labour Proof"
Gujarat e-Transport Portal,Transport services online,Online,"Permit, license, registration","Aadhaar Card, Vehicle Details"
Digital MSME Facilitation Portal,Support for MSMEs via e-governance,Online,"Incentives, faster approvals","Aadhaar Card, Business Registration"
Online Employment Exchange Portal,Register for jobs,Online,Employment opportunities,"Aadhaar Card, Educational Proof"
Digital Cooperative Society Portal,Online society registration & management,Online,"Transparency, easy management","Aadhaar Card, Society Documents"
Digital Urban Local Body Services,Municipal services online,Online,"Water, tax, building permits","Aadhaar Card, Residence Proof"
e-Hospital Services,"Appointment, reports online",Online,Easy healthcare access,"Aadhaar Card, Hospital ID"
Digital Education Loan Portal,Apply loan digitally,Online,Faster approval,"Aadhaar Card, Admission Proof"
Digital StartUp Gujarat Portal,Support for startups online,Online,"Mentorship, funding, approvals","Aadhaar Card, Business Plan"
e-Auction Portal,Participate in govt auctions online,Online,"Transparency, fairness","Aadhaar Card, Bidder ID"
Digital Police FIR Registration,File FIR online,Online,"Quick, transparent","Aadhaar Card, Complaint Details"
e-Waste Management Portal,Digital waste tracking & disposal,Online,Clean environment,"Aadhaar Card, Business Registration"
Digital Water Supply Services,"Pay bills, request new connections",Online,Convenience,"Aadhaar Card, Consumer Number"
Online Cooperative Loan Portal,Digital cooperative bank services,Online,Transparency,"Aadhaar Card, Loan Documents"
Digital Pensioner Life Certificate,Submit Jeevan Pramaan online,Online,Convenience for pensioners,"Aadhaar Card, Pension ID"
Digital Road Tax Payment Service,Pay road tax online,Online,Easy access,"Aadhaar Card, Vehicle Details"
Digital Gujarat Mobile App,Access services via mobile,Online,"Convenience, portability","Aadhaar Card, Mobile Number"